{
  "repairWidget": {
    "deviceBrand": {
      "title": "Choose Your Device Brand",
      "placeholder": "Search for your Device Brand",
      "mainTopic": {
        "title": "Find your device’s brand",
        "content": [
          "Your device brand can usually be found on the back of the handset itself, but if for whatever reason you aren’t sure don’t panic!", 
          "It is indicated on back of the device, on the front, or in the Settings/System/About phone section if you are on Android or Settings/ IDs if you are on IOS. It may also be shown on the original box and/or manual that came with your device."
        ]
      },
      "disableTopic": {
        "title": "How to find the model of your device",
        "content": "The device model is indicated in the Settings / System / About phone section or in Settings / General / Storage. It may also be shown on the original box and/or manual that came with your device."
      }
    },
    "deviceModel": {
      "title": "Choose Your Device Model",
      "placeholder": "Search for your Model",
      "mainTopic": {
        "title": "How to find the model of your device",
        "content": ["The device model is indicated in the Settings / System / About phone section or in Settings / General / Storage. It may also be shown on the original box and/or manual that came with your device."]
      },
      "disableTopic": { "title": "", "content": "" }
    },
    "deviceRepairs": {
      "title": "Choose Your Issue",
      "placeholder": "What’s broken?",
      "mainTopic": {
        "title": "Service Summary"
      }
    },
    "repairAnotherDevice": {
      "title": "Add Another Device?",
      "mainTopic": {
        "title": "Add Another Device?",
        "content": "Get all your devices done at once with us!"
      }
    },
    "dropOffDevicce": {
      "title": "How Would You Like to Get Service?"
    },
    "receiveQuote": {
      "title": "How Would You Like to Receive Your Quote?"
    },
    "contactDetails": {
      "title": "Please Enter Your Contact Details",
      "placeholder": {
        "firstName": "First Name*",
        "lastName": "Last Name*",
        "emailAdd": "E-mail Address*",
        "phoneNum": "Phone Number",
        "address1": "Street Address*",
        "address2": "Address 2",
        "country": "Country",
        "city": "City*",
        "province": "Province*",
        "postalCode": "Postal Code*"
      }
    },
    "bookTime": {
      "title": {
        "MAIL_IN": "Select Mail-In Address",
        "PICK_UP": "Schedule a Pick-Up",
        "CURBSIDE": "Book Your Time",
        "WALK_IN": "Book Your Time",
        "ONSITE": "Book Your Time"
      },
      "select": {
        "location": {
          "title": {
            "MAIL_IN": "Please Select Preferred Service Location",
            "PICK_UP": "Please Enter Your Address",
            "CURBSIDE": "Select Preferred Location",
            "WALK_IN": "Select Preferred Location",
            "ONSITE": "Enter Your Residential Address"
          }
        },
        "time": {
          "title": {
            "MAIL_IN": "Please Enter Your Address for Return Shipment",
            "PICK_UP": "Select a Pick-Up Time",
            "CURBSIDE": "Select a day and time",
            "WALK_IN": "Select a day and time",
            "ONSITE": "Select Visit Time"
          }
        }
      }
    },
    "usefulInfo": {
      "title": "Let us know if there's anything we should know about your device",
      "placeholder": "Type your message here (optional)"
    },
    "quoteData": [
      {
        "img": "https://storage.googleapis.com/assets/images/common/requestQuote.png",
        "title": "Thank you for choosing",
        "text": "with a detailed service quote."
      },
      {
        "img": "https://storage.googleapis.com/assets/images/common/thankQuote.png",
        "title": "Thank you for choosing",
        "text": "with a detailed service quote and appointment information."
      }
    ]
  },
  "popularCardData": [
    { 
      "img": "https://storage.googleapis.com/assets/images/common/camera.png", 
      "title": "iPhone 11 Pro", 
      "subtitle": "As low as", 
      "price": "$897" 
    },
    { 
      "img": "https://storage.googleapis.com/assets/images/common/camera.png", 
      "title": "iPhone 11 Pro", 
      "subtitle": "As low as", 
      "price": "$897" 
    },
    { 
      "img": "https://storage.googleapis.com/assets/images/common/camera.png", 
      "title": "iPhone 11 Pro", 
      "subtitle": "As low as", 
      "price": "$897" 
    },
    { 
      "img": "https://storage.googleapis.com/assets/images/common/camera.png", 
      "title": "iPhone 11 Pro", 
      "subtitle": "As low as", 
      "price": "$897" 
    }
  ],
  "arrowData": {
    "arrowLeft": "https://storage.googleapis.com/assets/images/common/arrow-left.png",
    "arrowRight": "https://storage.googleapis.com/assets/images/common/arrow-right.png"
  },
  "devicelistData": [
    {
      "img": "https://storage.googleapis.com/assets/images/common/best.png",
      "title": "Competitive Pricing",
      "content": "We’re proud to offer the largest selection of fully tested and graded pre-owned devices in Winnipeg. All backed by a one year warranty and lifetime IMEI guarantee"
    },
    {
      "img": "https://storage.googleapis.com/assets/images/common/warranty.png",
      "title": "1 Year Warranty",
      "content": "We stand behind all our devices with an iron-clad one year warranty that covers everything except physical or liquid damage."
    },
    {
      "img": "https://storage.googleapis.com/assets/images/common/amazing.png",
      "title": "Amazing Service",
      "content": "Secure shopping experience."
    },
    {
      "img": "https://storage.googleapis.com/assets/images/common/positive.png",
      "title": "Trade-In Your Device",
      "content": "Trade in your existing device - broken or not - for credit towards a repair, product or a newer phone. We buy almost every device, no matter the condition."
    },
    {
      "img": "https://storage.googleapis.com/assets/images/common/proudly.png",
      "title": "Proudly Canadian",
      "content": "Canadian owned and Canadian based."
    }
  ],
  "footerImageData": {
    "buyNow": "https://storage.googleapis.com/assets/images/common/buy-now.png",
    "deviceList": "https://storage.googleapis.com/assets/images/common/device-list.png",
    "bell": "https://storage.googleapis.com/assets/images/common/bell.png",
    "others": [
      "https://storage.googleapis.com/assets/images/common/visa.png", 
      "https://storage.googleapis.com/assets/images/common/round.png", 
      "https://storage.googleapis.com/assets/images/common/amex.png", 
      "https://storage.googleapis.com/assets/images/common/interactive.png", 
      "https://storage.googleapis.com/assets/images/common/paypal.png",
      "https://storage.googleapis.com/assets/images/common/fly.png"
    ]
  },
  "locationsData": {
    "skitterMobile": "https://storage.googleapis.com/assets/images/common/skitter-mobile.png"
  },
  "badgeImg": "https://storage.googleapis.com/assets/images/common/Badge.svg",
  "bounceImg": "https://storage.googleapis.com/assets/images/common/bounce.png",
  "headerTriangle": "https://storage.googleapis.com/assets/images/common/header-triangle.png",
  "heartImg": "https://storage.googleapis.com/assets/images/common/heart.png",
  "chatImg": "https://storage.googleapis.com/assets/images/common/chat.png",
  "repairPhoneImg": "https://storage.googleapis.com/assets/images/common/repair-phone.png",
  "repairSec4Img": "https://storage.googleapis.com/assets/images/common/repair-sec4.png",
  "loaderGif": "https://storage.googleapis.com/assets/images/common/loading.gif"
}